{
   "BodyMorphs" : {
      "NippleSize" : 0.009999997913837433,
      "NippleTip" : 0.009999992325901985,
      "Thighs" : 0.379999965429306,
      "Waist" : 0.3499999940395355,
      "WideWaistLine" : 0.1899999976158142
   },
   "Gender" : 1,
   "HairColor" : "LooksMenu Customization Compendium.esp|00080F",
   "HeadParts" : [
      "AzarPonytailHairstyles.esp|000803",
      "Fallout4.esm|14EC2D",
      "Fallout4.esm|0CFB4E",
      "Fallout4.esm|04D0E9",
      "Fallout4.esm|0CFB3F",
      "Fallout4.esm|11CCBC"
   ],
   "Morphs" : {
      "Presets" : null,
      "Regions" : {
         "186A0" : [ -0.07569070160388947, 1, -1, -0.5, 0, 0, 0, 0 ],
         "186A1" : [ -1, -0.8836966753005981, -0.08131828904151917, 0, 0, 0, 0, 0 ],
         "186A2" : [ -1, -1, 0.1000000014901161, 0, 0, 0, 0, 0 ],
         "186A3" : [
            0.2000000029802322,
            -0.2690350711345673,
            -0.002865643240511417,
            0,
            0,
            0,
            1,
            0
         ],
         "186A4" : [
            0,
            0.1020428314805031,
            0.200838029384613,
            0,
            0,
            0,
            0.7943341135978699,
            0
         ],
         "186A5" : [
            0.05977155268192291,
            -0.635432779788971,
            -0.3117808997631073,
            0,
            -0.4799999892711639,
            0,
            0.02999999560415745,
            0
         ],
         "186A6" : [ 1, -0.6667136549949646, -0.9326068162918091, 0, 0, 0, 0, 0 ],
         "186A7" : [ 1, -0.07227342575788498, -1, 0, 0, 0, 0, 0 ],
         "186A8" : [ -0.1952331960201263, 1, 0.4508543312549591, 0, 0, 0, -0.5, 0 ],
         "186A9" : [
            0.1351657807826996,
            -0.02941491454839706,
            -0.699999988079071,
            0,
            0,
            0,
            0.5,
            0
         ],
         "186AA" : [
            -0.9025364518165588,
            -0.6379078030586243,
            0.2976647317409515,
            0,
            0,
            0,
            -0.2000000029802322,
            0
         ],
         "186AB" : [
            -0.2328825145959854,
            0.8409091830253601,
            -0.1897870004177094,
            0,
            0,
            0,
            0,
            0
         ],
         "186AC" : [ -1, 0.6099618077278137, 0.6134282350540161, 0, 0, 0, 0, 0 ],
         "186AD" : [ 0, -0.8367636799812317, -1, 0, 0, 0, 0, 0 ],
         "186AE" : [ 0.4106959998607636, -0.709714412689209, -0.5, -1, 0, 0, 0.5, 0 ],
         "186AF" : [ 0, 0, 0.2000000029802322, 0, 0, 0, 0, 0 ],
         "186B0" : [
            0.01533231884241104,
            -0.7817193865776062,
            -1,
            0.6229605078697205,
            0,
            0.4000000059604645,
            0.3688867688179016,
            0
         ],
         "186B1" : [ -0.07878170162439346, 1, -0.699999988079071, -1, 0, 0, -1, 0 ],
         "186B2" : [ 0, -0.7251681089401245, -0.800000011920929, 0, 0, 0, -0.5, 0 ],
         "186B3" : [
            -0.06526125967502594,
            -0.08293162286281586,
            -0.300000011920929,
            0.6000000238418579,
            0,
            0,
            0.1299999952316284,
            0
         ],
         "186B4" : [
            0.23348568379879,
            -0.3339661955833435,
            -0.2000000029802322,
            0,
            0,
            0,
            -8.940697071579962e-009,
            0
         ],
         "186B5" : [ 0.6954828500747681, -0.03278500959277153, 1, 0, 0, 0, 0, 0 ],
         "186B6" : [ 0, 1, -0.800000011920929, 0, 0, 0, 1, 0 ],
         "186B7" : [ 0, -1, -1, 0, 0, 0, -0.699999988079071, 0 ],
         "186B8" : [ 0, -1, 0.699999988079071, 0, 0, 0, -1, 0 ],
         "186B9" : [ 0.183042511343956, -0.1628690958023071, -1, 0, 0, 0, 0, 0 ],
         "186BA" : [ -0.3327999114990234, -0.1837529242038727, -1, 0, 0, 0, 0, 0 ],
         "186BB" : [ 0, -0.9987004399299622, 0.01555402483791113, 0, 0, 0, 0, 0 ],
         "274E" : [
            -0.4000000059604645,
            0.5007949471473694,
            0.5615969300270081,
            0,
            0,
            0,
            0,
            0
         ],
         "274F" : [ 0, -0.2862361371517181, 0.2000000178813934, 0, 0, 0, 0, 0 ]
      },
      "Values" : [
         -0.009999999776482582,
         -0.03999999910593033,
         -0.03999999910593033,
         0.05000000074505806,
         -0.07999999821186066
      ]
   },
   "Overlays" : [
      {
         "priority" : 0,
         "template" : "Haha"
      },
      {
         "offsetUV" : [ 0, 0.04199999943375588 ],
         "priority" : 0,
         "template" : "PawBelly"
      },
      {
         "priority" : 0,
         "template" : "BreastFlowers"
      },
      {
         "priority" : 0,
         "template" : "HandsNukaRide"
      },
      {
         "priority" : 0,
         "template" : "HPinkNails"
      },
      {
         "priority" : 0,
         "template" : "NymphBelly"
      },
      {
         "priority" : 0,
         "template" : "ButtSlapRed"
      },
      {
         "priority" : 0,
         "template" : "PawButt"
      },
      {
         "priority" : 0,
         "template" : "AnimalLeg"
      },
      {
         "priority" : 0,
         "template" : "NotHuman"
      },
      {
         "priority" : 0,
         "template" : "Breast_Tally1"
      },
      {
         "priority" : 0,
         "template" : "Tied"
      }
   ],
   "TintOrder" : [ "4DF", "726", "528", "6E2", "745", "51E", "523", "490", "6B6", "A51" ],
   "Tints" : {
      "490" : {
         "Color" : 12634577,
         "ColorID" : 1157,
         "Percent" : 100,
         "Type" : 1
      },
      "4DF" : {
         "Percent" : 100,
         "Type" : 2
      },
      "51E" : {
         "Color" : 0,
         "ColorID" : 1824,
         "Percent" : 79,
         "Type" : 1
      },
      "523" : {
         "Color" : 0,
         "ColorID" : 1824,
         "Percent" : 90,
         "Type" : 1
      },
      "528" : {
         "Color" : 3675664,
         "ColorID" : 1328,
         "Percent" : 50,
         "Type" : 1
      },
      "6B6" : {
         "Color" : 10927535,
         "ColorID" : 1655,
         "Percent" : 52,
         "Type" : 1
      },
      "6E2" : {
         "Color" : 0,
         "ColorID" : 1824,
         "Percent" : 90,
         "Type" : 1
      },
      "726" : {
         "Color" : 3675664,
         "ColorID" : 1824,
         "Percent" : 90,
         "Type" : 1
      },
      "745" : {
         "Color" : 0,
         "ColorID" : 1824,
         "Percent" : 90,
         "Type" : 1
      },
      "A51" : {
         "Color" : 0,
         "ColorID" : 1824,
         "Percent" : 90,
         "Type" : 1
      }
   },
   "Weight" : [ 0.6582849025726318, 0.1784311532974243, 0.1632839441299439 ]
}
